Organization Name,URL,Type
Triple Whale,/triplewhale,company
YNAB,/ynab,company
Spear AI,/spear-ai,company
Hugging Face H4,/HuggingFaceH4,company
Mirakl,/mirakl,company
Universal Grammar,/UGLabs,company
Hatch,/Hatchify,company
Aptedge,/aptedge,company
Ilmiya,/Ilmiya,company
Tenyx,/tenyx,company
it.lopez-be.ch,/lopezONE,company
Cohere For AI,/CohereForAI,community
Synopsys Inc.,/Synopsys,No Type Found
AMD,/amd,company
Trebuchet Network,/trebuchetnetwork,company
foxintelligence_hub,/foxtedbrun,company
DealerX Partners,/dealerx,company
mangoes AI,/mangoesai,company
LivePerson Inc.,/liveperson,company
Booth.ai,/booth-ai,company
OnTheGoSystems,/otgs,company
onlineformapro,/onlineformapro,company
Orange Business,/Orange-Business,company
"Infinite-Compute.com, LLC",/Infinite-Compute,company
Psych-UK Ltd,/PsychUK,company
PD4Solutions,/pd4solutions,company
Foony Limited,/Foony,company
Elise AI Technologies,/EliseAI,company
Subspace Network,/Subspace,company
Toyota Connected India,/TCIN,company
Griptape,/griptape,company
Haven Health Management,/MarketingHHM,company
Sparkle AI,/sparkleai,company
Omni Federal,/OmniFederal,company
PlayHT,/PlayHT,company
Starbourne Labs,/Starbourne,company
lecocqassociate,/lecocqassociate,company
Lokalise,/lokalise,company
Fast Medical AI,/fastmedical,company
Fidelity Investments,/FidelityInvestments,company
Giga ML,/GigaML,company
Prezi,/Prezi,company
Vera Solutions,/VeraSolutions,company
Knowledgehook,/Knowledgehook,company
Oscar Health,/OscarHealth,company
"Evercore, Inc.",/Evercore,company
LaconicAI,/LaconicAI,company
Bulldog,/getbulldogxyz,company
Drom Solutions KG,/marbles-run,company
Chegg Inc,/cheggllm,company
